UA5195,2026-02-21 22:41:27,Scheduled,N227MC,BTL,JAN,UA
SY8661,2026-03-04 15:36:08,Scheduled,N680TO,HTS,ITO,SY
NK2749,2026-01-20 15:33:33,On Time,N390WF,SWF,RNO,NK
AS5326,2026-01-12 23:02:53,Scheduled,N538DE,PUB,PBI,AS
WN3882,2026-01-11 20:50:36,On Time,N951ZA,OAK,JAX,WN
SY2874,2026-01-22 04:44:53,On Time,N236MD,ALB,PIR,SY
DL5833,2026-02-08 12:37:27,Delayed,N479RQ,KOA,MAF,DL
G41985,2026-01-21 13:01:59,Delayed,N214EV,LAN,ORD,G4
AA4672,2026-01-04 21:34:24,Scheduled,N708LD,SGF,MSN,AA
WN6317,2026-02-19 22:04:10,Scheduled,N645CZ,SBN,BHM,WN
WN5353,2026-01-01 07:26:43,On Time,N812FV,LEX,MIA,WN
WN2583,2026-02-03 08:33:36,Delayed,N127RV,PIT,DET,WN
AA7603,2026-03-09 17:52:58,Scheduled,N313AS,GPT,XNA,AA
NK2675,2026-01-16 20:54:56,Delayed,N235WM,OAK,TYS,NK
UA5977,2026-01-27 04:56:15,Delayed,N482TP,BWI,DAY,UA
SY3310,2026-02-11 10:32:08,Scheduled,N153VA,MKE,SAT,SY
B62853,2026-02-16 21:14:01,Scheduled,N651FA,SLC,BOS,B6
B61327,2026-02-04 08:21:45,Scheduled,N440NY,TTN,JAC,B6
NK1462,2026-01-16 00:13:11,Delayed,N555SN,LEX,FYV,NK
UA4010,2026-01-31 12:51:06,On Time,N555SN,MAF,ALB,UA
NK4069,2026-02-23 15:55:22,On Time,N425BW,PIA,OMA,NK
G43148,2026-02-28 06:55:21,Delayed,N538DE,GPT,SHV,G4
F92365,2026-02-17 09:46:27,Delayed,N651QV,DAY,TUS,F9
WN5716,2026-03-14 23:46:26,Delayed,N520TG,DFW,OGG,WN
G42213,2026-02-17 03:21:28,On Time,N409KE,ABQ,IAH,G4
F93517,2026-02-03 17:31:46,Scheduled,N958CD,RUT,LNK,F9
UA7831,2026-02-04 19:48:42,On Time,N739UW,TUS,DCA,UA
B61186,2026-02-22 17:30:32,Delayed,N708LD,ERI,PFN,B6
UA3428,2026-03-08 00:47:56,Delayed,N142LO,AGS,SJC,UA
WN7257,2026-01-22 21:15:43,Scheduled,N292SH,SRQ,DFW,WN
UA3547,2026-03-08 09:52:55,Scheduled,N294MW,MAF,CYS,UA
DL3774,2026-01-16 03:15:59,Delayed,N762YP,RDU,ROC,DL
F98672,2026-01-10 15:08:40,On Time,N144YC,LNK,SEA,F9
NK3153,2026-01-29 11:42:48,On Time,N510OK,SNA,HOU,NK
SY6497,2026-01-23 13:50:38,Scheduled,N506UF,DTW,MSP,SY
AA4640,2026-02-23 14:15:13,On Time,N452HX,MDT,ELP,AA
DL6094,2026-01-07 08:59:24,On Time,N611OE,BOS,FAR,DL
NK1798,2026-02-10 09:00:24,Scheduled,N185TF,OKC,HYA,NK
AS2260,2026-01-13 19:07:54,Delayed,N692KO,CLE,PWM,AS
UA3100,2026-01-16 13:00:44,Scheduled,N773YM,GEG,CAK,UA
WN6626,2026-02-28 13:01:14,Scheduled,N954SC,AUG,JAC,WN
DL8923,2026-02-08 08:15:02,On Time,N286OZ,OKC,DCA,DL
B64790,2026-03-10 16:42:33,Scheduled,N553XR,DEN,FNT,B6
G45459,2026-01-08 15:00:15,Scheduled,N614GC,BOI,MIA,G4
AA8499,2026-02-05 17:39:30,Scheduled,N906XV,AZO,TRI,AA
G48864,2026-02-15 06:35:24,Delayed,N467YL,PSP,TUS,G4
NK4987,2026-03-07 03:53:25,Scheduled,N976ZF,SRQ,ITO,NK
DL4497,2026-02-05 18:20:54,On Time,N651FA,HTS,PSC,DL
SY1214,2026-03-04 11:58:30,On Time,N593TW,PIE,MIA,SY
UA2663,2026-02-20 14:37:41,Delayed,N839BA,LAX,HYA,UA
AA3643,2026-03-14 12:09:26,Delayed,N721SU,ANC,XNA,AA
UA7540,2026-02-06 04:49:00,On Time,N684FG,SGF,RKS,UA
AS3926,2026-01-16 02:28:07,Delayed,N166AL,SAT,PIT,AS
SY5572,2026-02-16 03:23:04,On Time,N900OE,LAS,IAH,SY
NK4468,2026-03-13 04:22:11,Delayed,N516GD,LBB,HVN,NK
F95294,2026-01-19 14:04:27,Scheduled,N839BA,IAD,AUG,F9
F96234,2026-01-29 08:50:35,Delayed,N958CD,BIL,EYW,F9
AS1048,2026-02-01 14:19:16,On Time,N906XV,JFK,JAX,AS
AA7722,2026-03-15 02:48:23,Delayed,N510OK,FYV,LGB,AA
B67231,2026-03-11 12:22:14,Delayed,N979WU,MSP,EYW,B6
SY5818,2026-01-17 03:14:56,On Time,N310IT,BDL,TTN,SY
AA7900,2026-03-16 18:25:42,On Time,N570OR,DHN,OGG,AA
NK1934,2026-01-23 10:52:01,Delayed,N310IT,SWF,MLI,NK
WN7322,2026-02-01 08:13:36,Delayed,N534NV,LNK,SBN,WN
B66041,2026-01-19 01:34:03,Delayed,N520TG,ISP,ICT,B6
NK8119,2026-02-11 12:10:05,Delayed,N833FF,BUR,FYV,NK
G43307,2026-01-24 21:35:20,Delayed,N988DG,SBN,MYR,G4
DL6571,2026-02-16 22:58:59,Scheduled,N343ER,PSP,SDF,DL
UA4633,2026-03-07 04:17:46,Scheduled,N510GT,SJC,ABQ,UA
SY1821,2026-02-13 13:53:21,Scheduled,N390WF,TOL,MBS,SY
WN7830,2026-03-08 01:03:51,Delayed,N144YC,LIT,ERI,WN
DL4211,2026-02-21 22:14:30,On Time,N988DG,TUL,STL,DL
AS7407,2026-03-05 23:45:57,Scheduled,N313AS,DLH,FLG,AS
NK3635,2026-02-03 01:53:40,Delayed,N618UO,DLH,IAD,NK
SY1437,2026-03-03 16:30:33,On Time,N674MB,CRW,EWR,SY
F92825,2026-01-26 14:43:46,Scheduled,N482TP,DAL,AZO,F9
G45486,2026-03-05 10:29:41,Scheduled,N144YC,PFN,EWR,G4
UA6424,2026-01-23 06:06:00,Delayed,N485LD,COS,FLG,UA
AS6184,2026-03-02 22:32:12,Delayed,N833FY,PVD,SLC,AS
DL8073,2026-01-17 18:07:35,Delayed,N142LO,TYS,RIC,DL
F96858,2026-03-03 21:29:37,Scheduled,N588ZJ,MSP,DAB,F9
WN3180,2026-02-01 03:59:00,On Time,N967SI,PIT,FLG,WN
G45339,2026-01-22 04:48:45,Scheduled,N846ZT,GPT,INT,G4
NK2018,2026-03-10 17:57:43,Scheduled,N812FV,CID,BNA,NK
F97267,2026-02-02 16:51:18,Delayed,N134RH,BTL,HTS,F9
B64167,2026-02-28 23:01:49,Delayed,N153VA,SBN,MYR,B6
NK2985,2026-03-10 05:57:34,Delayed,N470PH,PWM,SGF,NK
WN1795,2026-02-06 00:18:01,Delayed,N889JG,JAX,FYV,WN
AS1625,2026-01-25 05:52:37,Delayed,N762YP,TYS,HSV,AS
B66843,2026-03-03 00:58:16,On Time,N430OH,MGM,OGG,B6
AS9075,2026-02-10 08:58:46,Scheduled,N846ZT,PIR,MGM,AS
G44923,2026-01-13 00:02:05,Delayed,N555SN,FSD,SHV,G4
UA1130,2026-02-17 10:06:08,On Time,N467YL,HVN,OKC,UA
WN2013,2026-02-01 10:03:29,Scheduled,N506UF,DLH,PVD,WN
G48442,2026-02-01 07:39:11,Delayed,N482TP,HIO,GRR,G4
DL2546,2026-03-16 02:35:51,Delayed,N773YM,SDF,SEA,DL
SY6939,2026-02-11 18:05:57,Delayed,N344LE,RST,OAK,SY
AA9955,2026-01-01 18:59:55,Scheduled,N310IT,LGA,FAY,AA
B67643,2026-03-03 06:18:07,Scheduled,N362DS,ACK,HTS,B6
WN8320,2026-01-27 22:22:48,Scheduled,N157LJ,TUS,SYR,WN
NK3844,2026-02-03 20:18:53,On Time,N485LD,PSP,FWA,NK
NK8277,2026-02-01 14:53:25,On Time,N538YJ,MDT,CAE,NK
DL4164,2026-01-14 13:40:48,On Time,N144YC,PIE,DTW,DL
AS1861,2026-01-24 07:18:21,Delayed,N611OE,SWF,BGR,AS
SY7893,2026-02-25 04:56:15,On Time,N593TW,FAY,MHT,SY
AS1471,2026-01-27 02:09:06,Scheduled,N721SU,HOU,SDF,AS
G44342,2026-01-14 04:32:26,Delayed,N485LD,ERI,BHM,G4
NK1978,2026-03-15 14:28:25,Delayed,N390WF,PSP,BTL,NK
F92494,2026-01-07 15:18:49,Delayed,N765JG,PHX,INT,F9
SY2141,2026-02-20 21:44:20,On Time,N170RJ,CRW,EWR,SY
B68119,2026-03-19 13:27:58,On Time,N819GE,SWF,IAH,B6
NK1276,2026-03-18 23:09:44,Delayed,N874NF,COS,ALB,NK
B63645,2026-02-06 23:51:29,Scheduled,N344LE,LAX,PSP,B6
WN5291,2026-03-03 11:55:42,Scheduled,N153VA,PIT,BHM,WN
UA1132,2026-03-16 07:26:43,On Time,N134RH,MAF,DEN,UA
G49169,2026-02-04 16:50:04,On Time,N614GC,BOS,ORF,G4
G47293,2026-02-01 09:07:16,Scheduled,N904CP,ORD,SWF,G4
G49193,2026-02-12 01:35:07,Delayed,N425BW,CVG,GRR,G4
SY9777,2026-02-20 03:38:30,Scheduled,N153VA,DTW,FNT,SY
AS6531,2026-03-08 22:21:59,Scheduled,N166AL,TPA,BTV,AS
B68443,2026-01-11 17:04:24,Delayed,N856RI,LBB,PIR,B6
NK7342,2026-01-22 17:59:20,Delayed,N273BV,PDX,ATL,NK
G43772,2026-03-01 11:35:34,Scheduled,N900OE,OKC,TYS,G4
AA5999,2026-02-19 09:44:34,Scheduled,N294AU,MDT,BOI,AA
B64837,2026-01-03 11:14:47,Scheduled,N940RW,ONT,OAK,B6
AA4066,2026-01-25 23:06:44,Delayed,N614EX,SEA,FWA,AA
SY5171,2026-03-13 22:30:08,On Time,N498WM,RUT,PDX,SY
SY3251,2026-02-16 01:56:35,Delayed,N919YC,EVV,HOU,SY
F95058,2026-02-16 04:10:41,Delayed,N651FA,PUB,BTL,F9
G44430,2026-02-09 09:12:24,Scheduled,N900OE,OAK,PHF,G4
WN2415,2026-01-26 15:32:57,On Time,N874NF,SRQ,RSW,WN
WN7682,2026-02-16 11:42:08,On Time,N390PR,LEX,MBS,WN
B69635,2026-02-27 10:44:41,Scheduled,N106KC,LEX,ABQ,B6
DL4239,2026-02-06 00:45:20,Delayed,N667SB,BTV,DLH,DL
F95813,2026-01-25 05:25:12,On Time,N919YC,PBI,MDW,F9
G47754,2026-03-18 04:13:40,Delayed,N856RI,LIT,FLL,G4
F99177,2026-02-26 20:22:37,On Time,N618UO,MEM,IAH,F9
SY5826,2026-03-07 14:55:08,Scheduled,N443YT,FAT,DCA,SY
DL6910,2026-02-16 15:27:40,Scheduled,N812FV,CHA,GJT,DL
AS2017,2026-02-18 04:32:12,On Time,N906WR,DSM,MEM,AS
DL7755,2026-02-16 01:09:41,On Time,N954SC,CID,TOL,DL
WN5714,2026-02-16 16:29:58,Scheduled,N611OE,ACY,IND,WN
SY1748,2026-01-28 19:32:59,On Time,N413MO,AGS,PHF,SY
AS5208,2026-02-01 02:50:47,Scheduled,N958CD,HPN,FLL,AS
SY5819,2026-02-11 17:11:07,On Time,N520TG,BHM,MYR,SY
NK2283,2026-01-02 21:06:12,Scheduled,N185TF,SWF,GPT,NK
F98700,2026-01-23 23:37:16,Scheduled,N121HP,AUG,DSM,F9
AA2452,2026-02-16 10:15:57,On Time,N942NZ,INT,AUS,AA
WN4109,2026-01-27 18:07:33,On Time,N157LJ,ISP,RSW,WN
F97500,2026-01-17 17:01:38,Scheduled,N953TU,HVN,DAL,F9
B66047,2026-01-29 02:29:47,Scheduled,N565KL,MCI,MLI,B6
SY2914,2026-01-07 11:35:21,Delayed,N157LJ,MYR,AMA,SY
UA2004,2026-01-23 17:26:26,Delayed,N390WF,LBB,TYS,UA
AA8894,2026-03-04 22:49:36,Scheduled,N390WF,BOI,CRP,AA
WN4206,2026-02-25 01:44:24,Scheduled,N461JY,AUS,ROC,WN
AA5506,2026-02-13 01:20:51,Delayed,N313AS,YUM,SBN,AA
G43364,2026-03-10 10:11:16,On Time,N667SB,CPR,SMF,G4
AS6049,2026-01-16 04:25:40,Delayed,N292SH,AUS,RST,AS
NK2613,2026-03-14 05:15:38,Delayed,N954SC,MSY,LIT,NK
B67412,2026-02-20 15:31:58,Scheduled,N430OH,XNA,TUS,B6
G47817,2026-03-16 15:34:35,Delayed,N681KI,BOI,MSY,G4
F96387,2026-01-17 17:52:35,On Time,N680TO,GRB,AUS,F9
WN5837,2026-01-26 06:03:44,On Time,N986TK,SRQ,TPA,WN
UA7063,2026-02-10 09:18:13,Delayed,N134RH,SHV,BWI,UA
AA4159,2026-01-13 03:37:13,Delayed,N967SI,ITO,PNS,AA
G41142,2026-01-06 16:07:52,On Time,N951ZA,TTN,GJT,G4
NK3670,2026-03-07 11:37:12,On Time,N667SB,FWA,CID,NK
NK9331,2026-02-26 12:39:08,Scheduled,N443YT,FNT,SAV,NK
WN1105,2026-03-12 08:52:42,Scheduled,N762YP,MCI,ABE,WN
WN8857,2026-01-20 08:41:50,Delayed,N680TO,MSY,GRB,WN
SY5679,2026-01-11 13:09:19,Delayed,N482TP,MSY,SWF,SY
B68446,2026-01-27 05:48:10,On Time,N846ZT,BOS,TYS,B6
AS8147,2026-02-18 07:31:11,Scheduled,N904OK,MDT,RDU,AS
AS7701,2026-03-10 08:07:53,Delayed,N614EX,ATL,GSP,AS
B61065,2026-01-09 11:58:56,On Time,N506UF,SRQ,LAX,B6
DL5240,2026-01-02 02:03:20,Scheduled,N951ZA,ORF,TYS,DL
SY2047,2026-01-01 21:32:08,Scheduled,N951ZA,CAK,RIC,SY
NK4964,2026-01-24 15:23:09,Scheduled,N461JY,ONT,CMH,NK
F92879,2026-02-18 03:03:33,Scheduled,N698AN,SWF,MOB,F9
UA5198,2026-02-20 19:14:15,Scheduled,N951ZA,HVN,LGB,UA
AA8821,2026-03-09 20:23:21,Scheduled,N294AU,CRW,JFK,AA
WN3785,2026-02-17 01:32:24,On Time,N430OH,ICT,COS,WN
DL3081,2026-01-09 10:27:18,Scheduled,N482TP,FLG,ICT,DL
UA3866,2026-02-28 18:08:11,Scheduled,N292SH,ORH,CVG,UA
AA7717,2026-02-08 10:02:29,Scheduled,N376IP,SGF,LNK,AA
AA3864,2026-03-13 12:34:32,On Time,N495TK,SBN,SFO,AA
AA7260,2026-01-21 15:54:59,Scheduled,N976ZF,SDF,FAI,AA
AA8642,2026-03-16 01:20:00,On Time,N446SG,PHX,BHM,AA
B65496,2026-01-24 19:38:55,Scheduled,N867MC,AGS,JAC,B6
DL4849,2026-02-01 09:49:14,On Time,N294AU,MYR,SLC,DL
NK5823,2026-03-06 10:29:59,Scheduled,N310IT,EWR,SWF,NK
WN6797,2026-02-28 13:07:56,On Time,N692KO,SJC,LBB,WN
AS6451,2026-01-13 13:20:55,On Time,N376IP,MKE,HOU,AS
F97348,2026-01-17 21:54:14,On Time,N470PH,ASE,RDU,F9
WN8862,2026-01-16 00:09:49,Scheduled,N106KC,CPR,HOU,WN
WN5388,2026-01-21 05:30:14,On Time,N874NF,LEX,IAH,WN
AA1020,2026-02-09 19:21:25,On Time,N549HA,SAT,CMH,AA
NK2378,2026-03-11 18:47:54,Scheduled,N833FY,CLT,PSC,NK
AS9177,2026-02-20 01:10:47,Scheduled,N121HP,PHL,MCO,AS
NK9301,2026-03-02 18:35:37,On Time,N953LS,TRI,BIL,NK
NK3205,2026-02-04 16:11:08,Delayed,N939KF,AZO,ISP,NK
AA9175,2026-02-21 12:48:39,On Time,N789DZ,ABE,JAC,AA
NK8066,2026-01-18 04:32:37,On Time,N867MC,SDF,PIT,NK
WN9737,2026-01-01 08:06:26,On Time,N885LE,FWA,CID,WN
WN3733,2026-02-04 13:20:27,Scheduled,N343ER,ICT,TUS,WN
AA2382,2026-03-11 01:01:26,Scheduled,N166AL,HPN,SWF,AA
F93006,2026-03-13 11:07:50,Delayed,N773YM,ROA,YUM,F9
WN6373,2026-01-23 10:48:30,Delayed,N614GC,RST,LAN,WN
AS2693,2026-01-14 22:53:55,Scheduled,N479RQ,HPN,RST,AS
NK7827,2026-01-04 07:40:36,Scheduled,N226XP,RKS,CLT,NK
F98742,2026-03-08 16:38:03,On Time,N417DF,SGF,PDX,F9
WN6098,2026-02-23 13:56:18,Delayed,N553XR,RAP,MAF,WN
NK8885,2026-03-03 07:57:33,Delayed,N614GC,GEG,MKE,NK
SY5698,2026-02-03 06:14:44,On Time,N614GC,BTV,GSO,SY
AA3427,2026-01-29 04:59:42,Scheduled,N294MW,EWR,HNL,AA
B64079,2026-03-08 14:57:56,Scheduled,N252OW,MCI,PSP,B6
G48551,2026-02-16 13:59:14,Scheduled,N164FR,HNL,JAN,G4
UA2306,2026-01-28 00:44:15,Scheduled,N889JG,MDW,DAL,UA
DL4036,2026-03-04 20:37:52,Delayed,N833FF,EVV,MHT,DL
B62882,2026-03-02 05:43:55,Scheduled,N919YC,FYV,PVD,B6
AS6080,2026-01-03 06:32:33,On Time,N417DF,CRW,TUL,AS
AA9104,2026-01-18 12:09:45,Delayed,N164FR,ANC,CAK,AA
DL7948,2026-01-24 10:25:07,On Time,N988DG,SLC,BDL,DL
AS6974,2026-01-09 21:56:52,Delayed,N994RW,INT,TTN,AS
NK3606,2026-02-22 04:22:48,On Time,N127RV,SAV,ALB,NK
WN4909,2026-01-12 00:42:11,On Time,N170RJ,PFN,MOB,WN
DL7254,2026-02-20 23:07:08,Delayed,N594BP,KOA,ACK,DL
DL7051,2026-03-08 18:20:26,Delayed,N721SU,SFO,CVG,DL
AS7365,2026-01-03 17:57:57,Delayed,N594BP,CMH,RDU,AS
DL4473,2026-03-04 20:12:37,Scheduled,N682KJ,JNU,CPR,DL
AS5507,2026-01-26 07:27:23,Scheduled,N553XR,IAH,YUM,AS
B65275,2026-03-03 17:33:00,Scheduled,N698AN,PDX,ALM,B6
SY8369,2026-01-31 20:21:02,Scheduled,N142LO,JNU,LIH,SY
DL3882,2026-01-07 14:39:48,On Time,N294MW,KOA,MSN,DL
DL2287,2026-01-17 14:15:31,Delayed,N739UW,TUL,CLE,DL
AA7410,2026-01-19 00:59:06,Scheduled,N344LE,LEX,CLT,AA
NK8666,2026-02-02 07:05:37,On Time,N335XA,ABE,JFK,NK
UA7486,2026-01-01 15:09:42,Delayed,N142LO,TPA,ACK,UA
SY4732,2026-03-01 03:15:27,Scheduled,N401RU,BWI,PHF,SY
AS2394,2026-02-09 13:10:11,On Time,N684XA,ROC,MOB,AS
G45583,2026-02-17 04:31:58,Scheduled,N940RW,FLG,SBN,G4
B69265,2026-02-12 15:22:15,On Time,N614GC,HOU,MSN,B6
NK5275,2026-02-28 14:00:07,Delayed,N516GD,PHF,ACK,NK
UA8195,2026-01-22 07:13:46,On Time,N611OE,LNK,ACY,UA
UA7727,2026-02-15 07:37:24,Delayed,N257HA,PIE,RST,UA
NK4192,2026-03-15 14:41:04,Delayed,N979WU,SLC,MDW,NK
DL6040,2026-02-10 01:56:48,Delayed,N273BV,AUS,SBN,DL
WN6844,2026-02-11 10:24:18,On Time,N507JV,FLL,HPN,WN
SY9434,2026-01-04 22:29:14,On Time,N142LO,CMH,FLG,SY
B63223,2026-01-23 09:54:24,Scheduled,N446SG,SHV,STL,B6
NK1017,2026-01-09 11:30:36,Delayed,N538DE,MGM,DTW,NK
AA6881,2026-01-30 15:54:08,Delayed,N819GE,LAN,CRP,AA
G46225,2026-02-27 13:58:28,On Time,N538YJ,HIO,PIT,G4
WN1816,2026-02-25 12:27:16,Delayed,N127CR,ACK,PBI,WN
G43627,2026-02-21 12:52:59,Delayed,N376IP,OKC,EUG,G4
NK9648,2026-01-15 01:50:32,Scheduled,N390WF,LNK,PVD,NK
UA4486,2026-02-04 00:32:50,On Time,N812FV,PBI,CLT,UA
SY6295,2026-01-22 15:26:23,Scheduled,N440NY,PHF,RAP,SY
F96949,2026-02-02 16:40:29,On Time,N889JG,PWM,FAI,F9
NK7314,2026-01-05 09:43:34,Scheduled,N144YC,ORD,PUB,NK
SY9733,2026-02-21 03:38:31,Delayed,N667SB,FYV,SGF,SY
AA7189,2026-03-12 21:32:50,Scheduled,N344LE,SYR,TRI,AA
AA4142,2026-02-21 20:23:25,Delayed,N812FV,FAT,DLH,AA
AS3497,2026-02-02 09:42:53,Scheduled,N368XA,ALM,SHV,AS
F99400,2026-01-01 20:33:37,Delayed,N690AJ,JAX,BTV,F9
DL7735,2026-03-08 23:50:10,Delayed,N986TK,MKE,BNA,DL
UA2123,2026-02-20 02:58:22,Scheduled,N623UX,RDU,ACK,UA
WN4359,2026-02-26 13:24:34,On Time,N681KI,RSW,SDF,WN
NK1067,2026-01-24 14:07:25,On Time,N954WU,PVD,BNA,NK
NK8004,2026-01-31 01:23:16,On Time,N310VJ,AZO,HVN,NK
DL4696,2026-01-03 03:09:18,Scheduled,N684XA,CAE,FYV,DL
F96434,2026-02-27 23:14:47,Delayed,N773YM,ITO,MDT,F9
B61522,2026-03-14 15:45:43,Scheduled,N294AU,SYR,FAY,B6
F96107,2026-01-03 21:43:37,Delayed,N127RV,AZO,SBN,F9
NK7484,2026-01-30 00:26:37,Delayed,N409KE,HPN,PSC,NK
G41446,2026-01-20 03:55:14,On Time,N833FF,SYR,BTL,G4
G48357,2026-02-22 14:13:08,Delayed,N227MC,RST,SAT,G4
SY5320,2026-01-10 18:31:26,Delayed,N874NF,DCA,XNA,SY
B67431,2026-01-25 22:56:10,Delayed,N967SI,BNA,ISP,B6
DL6547,2026-01-30 08:47:09,Delayed,N339OV,SMF,HIO,DL
AA3206,2026-02-20 13:01:13,Delayed,N409KE,MKE,MBS,AA
G41263,2026-01-14 01:58:44,Scheduled,N667SB,SBN,BUF,G4
G46214,2026-01-05 19:36:23,Delayed,N413MO,EUG,MGM,G4
B69918,2026-03-04 09:51:45,Delayed,N252OW,LEX,MSP,B6
NK3795,2026-01-28 19:21:04,Delayed,N510OK,BUF,AVL,NK
NK7469,2026-02-07 16:08:27,Scheduled,N788JE,LIH,IAH,NK
G43527,2026-03-06 03:25:42,Scheduled,N889JG,IND,SAN,G4
WN3073,2026-02-22 15:18:40,On Time,N425BW,XNA,AUS,WN
UA7693,2026-01-19 18:19:20,On Time,N904OK,FAR,TTN,UA
B67958,2026-01-22 08:11:18,Scheduled,N170RJ,TUL,CAK,B6
NK7134,2026-01-25 03:24:55,On Time,N584ME,RKS,ROA,NK
G41154,2026-02-25 12:48:47,Delayed,N310IT,JFK,RIC,G4
DL8556,2026-01-15 11:36:21,Scheduled,N376IP,PNS,FAY,DL
WN9584,2026-02-06 20:44:47,Delayed,N409KE,HIO,ABE,WN
WN1157,2026-01-23 21:03:54,On Time,N553XR,TRI,BOI,WN
NK7347,2026-03-13 21:24:51,Scheduled,N721SU,SRQ,ONT,NK
SY1075,2026-01-10 11:30:12,On Time,N690AJ,ROC,TPA,SY
SY7998,2026-01-16 23:28:00,Scheduled,N970AX,JAN,FAY,SY
F92521,2026-01-12 14:41:25,Delayed,N721SU,DAB,MSN,F9
SY1478,2026-03-01 13:22:17,Scheduled,N565KL,MCI,CPR,SY
WN5845,2026-01-28 03:19:27,Delayed,N409KE,JFK,XNA,WN
WN8014,2026-01-23 12:16:24,Delayed,N584ME,GEG,BOS,WN
SY8644,2026-02-22 17:52:14,Delayed,N904CP,MCI,ALM,SY
UA6250,2026-03-09 14:01:02,Delayed,N157LJ,LBB,ANC,UA
G42324,2026-03-05 20:18:51,On Time,N142LO,JAC,LAN,G4
UA5473,2026-01-25 02:33:26,Delayed,N185TF,OKC,ORF,UA
G41102,2026-02-02 05:53:13,Delayed,N588ZJ,SNA,LAX,G4
G47009,2026-01-23 19:55:59,Scheduled,N127CR,JAX,ELP,G4
DL6021,2026-01-05 13:27:13,Delayed,N793ZD,SFO,EWR,DL
F94599,2026-03-13 20:33:20,Scheduled,N294AU,ABE,MKE,F9
G41251,2026-02-16 16:07:32,On Time,N401RU,SEA,BOS,G4
WN6393,2026-02-25 02:20:49,On Time,N549HA,TRI,BTL,WN
UA9387,2026-03-17 17:09:06,Delayed,N310IT,ACY,LIH,UA
B69341,2026-01-23 12:51:22,Delayed,N651QV,DEN,PHL,B6
AS9671,2026-01-12 09:33:15,On Time,N684FG,HIO,FAT,AS
AS6950,2026-02-28 12:02:56,Scheduled,N164FR,LIH,BTV,AS
UA7097,2026-03-13 02:44:44,On Time,N904CP,ELP,OAK,UA
B66455,2026-02-23 06:25:53,On Time,N376IP,ATL,FAI,B6
WN2287,2026-02-08 11:56:50,On Time,N954SC,SDF,HPN,WN
B62287,2026-02-24 14:38:56,Scheduled,N310IT,DFW,MBS,B6
B69474,2026-01-23 00:36:13,On Time,N588ZJ,EWR,CLE,B6
UA2888,2026-02-09 08:52:04,On Time,N226XP,CMH,DAY,UA
UA4473,2026-02-26 15:19:42,Delayed,N430OH,ITO,JAX,UA
SY1321,2026-03-01 03:36:47,Delayed,N505JR,IND,ISP,SY
WN2481,2026-01-27 11:41:12,On Time,N376IP,RUT,ACY,WN
F92686,2026-03-09 12:42:42,Scheduled,N498WM,OGG,PIT,F9
UA8018,2026-01-19 13:09:03,Delayed,N618UO,FLL,RNO,UA
F94318,2026-02-20 03:47:47,Scheduled,N651FA,MDT,LAS,F9
AS8506,2026-02-17 23:36:10,Delayed,N953TU,DET,IND,AS
B66675,2026-03-15 12:26:24,Scheduled,N362DS,IND,DSM,B6
SY6858,2026-03-09 06:46:19,Delayed,N611OE,MDW,PIT,SY
SY7190,2026-01-10 09:23:34,Scheduled,N209KA,CLE,DAB,SY
G45194,2026-01-03 15:36:21,On Time,N986TK,CVG,SJC,G4
UA1241,2026-02-23 00:43:01,On Time,N185TF,STL,PFN,UA
G49849,2026-02-19 02:40:41,On Time,N166AL,LGA,OGG,G4
AS2777,2026-02-17 15:45:43,Delayed,N623UX,DAL,TTN,AS
WN5188,2026-01-04 04:54:05,Delayed,N833FY,IAD,BTV,WN
B69270,2026-02-04 21:33:13,Scheduled,N584ME,FLG,FAR,B6
AS8918,2026-02-14 10:34:47,On Time,N986TK,PWM,LIH,AS
G42640,2026-01-29 03:50:13,On Time,N954SC,KOA,FAR,G4
B61071,2026-03-07 08:07:11,Scheduled,N498WM,SNA,OAK,B6
SY8036,2026-02-14 23:03:57,Scheduled,N611OE,CID,PVD,SY
F91506,2026-01-26 22:57:37,Scheduled,N127CR,BIS,BTL,F9
DL4739,2026-01-13 16:57:53,Scheduled,N461JY,XNA,MSN,DL
G41031,2026-02-16 06:16:26,On Time,N588ZJ,ASE,LGA,G4
WN6037,2026-02-17 19:19:06,On Time,N196UD,BTL,DCA,WN
NK3900,2026-02-09 00:07:49,Scheduled,N482TP,SDF,ROC,NK
DL5422,2026-02-10 06:55:06,Delayed,N485LD,PHL,ISP,DL
WN4733,2026-02-02 00:55:03,On Time,N570OR,JNU,ASE,WN
AA9721,2026-01-29 02:26:17,On Time,N226XP,SEA,PDX,AA
AA3236,2026-01-24 04:20:05,On Time,N958CD,MLI,AUG,AA
AA5886,2026-02-06 02:47:19,Delayed,N227MC,MSP,PSC,AA
WN6028,2026-03-15 14:37:12,Delayed,N986TK,AVP,LAX,WN
AS6622,2026-03-04 18:15:12,Scheduled,N681KI,BHM,PDX,AS
WN2722,2026-01-14 16:45:50,On Time,N692KO,RIC,AUS,WN
UA5577,2026-01-06 20:57:43,Delayed,N470PH,JAC,DCA,UA
AS8014,2026-02-23 19:33:52,Delayed,N788JE,ELP,ANC,AS
G45062,2026-01-17 13:17:59,On Time,N164FR,CLT,AMA,G4
UA9519,2026-03-02 02:47:22,Delayed,N857YC,FAT,CVG,UA
F94764,2026-03-13 15:34:25,On Time,N623UX,ELP,GEG,F9
B65599,2026-03-15 15:37:11,Scheduled,N516GD,FAI,SAV,B6
SY1948,2026-03-13 11:53:52,Delayed,N127RV,ORF,LAS,SY
AS4173,2026-02-14 18:15:08,Scheduled,N467YL,DFW,LGB,AS
UA1919,2026-01-29 09:18:49,Scheduled,N166AL,PSC,LAN,UA
NK7192,2026-02-18 15:50:50,Delayed,N997SX,BOI,CPR,NK
SY2681,2026-01-21 19:10:28,Scheduled,N390PR,FNT,MEM,SY
WN3753,2026-02-27 22:10:47,Scheduled,N534NV,CID,FNT,WN
WN7844,2026-03-10 15:21:29,Scheduled,N294AU,LNK,DSM,WN
G41786,2026-02-20 17:58:10,Delayed,N857YC,DAL,PIE,G4
B62121,2026-03-01 09:46:05,Delayed,N216FS,ICT,GRR,B6
AS6984,2026-03-17 03:48:14,Delayed,N900OE,SEA,RST,AS
F97422,2026-02-03 14:43:16,Scheduled,N739OO,SRQ,SLC,F9
AA6323,2026-01-24 20:08:26,On Time,N684FG,MDW,ROA,AA
WN6786,2026-03-11 15:24:20,On Time,N867MC,CHA,DET,WN
DL1232,2026-01-06 05:00:51,Delayed,N819GE,AZO,FLL,DL
AS2376,2026-01-23 09:34:38,On Time,N252OW,SDF,DET,AS
AS4853,2026-02-14 14:08:26,Scheduled,N273BV,SYR,RKS,AS
NK8966,2026-03-14 00:18:50,On Time,N142LO,FWA,ABE,NK
DL2507,2026-01-12 02:57:26,Delayed,N452HX,SRQ,SFO,DL
F91153,2026-03-08 17:27:07,On Time,N452HX,FAT,MCI,F9
NK4814,2026-02-11 13:32:02,On Time,N553XR,IND,RUT,NK
AA6063,2026-02-16 04:16:48,On Time,N440NY,CRW,PUB,AA
B68668,2026-02-26 03:21:37,Delayed,N623UX,FNT,RNO,B6
WN9601,2026-01-14 05:20:21,On Time,N885LE,DCA,ACY,WN
F96872,2026-03-19 17:51:08,On Time,N833FY,LGB,SJC,F9
SY9876,2026-01-14 05:40:02,On Time,N680TO,ALM,BUF,SY
F98339,2026-02-26 14:06:30,On Time,N479RQ,MEM,AUG,F9
WN3706,2026-02-03 02:06:52,Delayed,N498WM,BIS,BIL,WN
NK9560,2026-03-04 23:28:28,Delayed,N958CD,SDF,HSV,NK
G46169,2026-03-11 03:25:03,On Time,N611OE,DAY,JAC,G4
DL3424,2026-02-19 15:14:22,Delayed,N994RW,AZO,PFN,DL
DL8153,2026-01-18 23:07:11,Scheduled,N390PR,TUL,ORD,DL
F96630,2026-02-27 11:40:38,On Time,N906WR,EWR,MBS,F9
WN2556,2026-02-15 21:36:31,Delayed,N235WM,YUM,GRR,WN
F96556,2026-02-13 10:56:33,Delayed,N368XA,ITO,OKC,F9
SY2658,2026-01-05 02:58:59,Scheduled,N368XA,JAN,CLE,SY
G49033,2026-01-10 02:26:48,Delayed,N498WM,FAY,DHN,G4
F94567,2026-02-27 08:25:05,Scheduled,N376IP,CYS,FWA,F9
NK2993,2026-01-16 02:25:21,Delayed,N164FR,CRW,ASE,NK
F92816,2026-01-24 02:01:40,On Time,N906XV,PUB,SWF,F9
SY9450,2026-02-08 08:04:23,On Time,N651QV,BTL,PWM,SY
B68900,2026-01-29 19:00:51,Delayed,N953TU,MKE,PIA,B6
UA9503,2026-01-05 01:09:11,Scheduled,N846ZT,SLE,MPV,UA
WN1479,2026-02-09 22:39:18,Scheduled,N549HA,ACK,OMA,WN
F94628,2026-02-16 12:53:37,Scheduled,N430OH,MDW,BOS,F9
SY6915,2026-02-02 02:06:32,Scheduled,N362DS,SAV,PFN,SY
NK2099,2026-01-18 15:07:29,Delayed,N216FS,DLH,IAD,NK
F97552,2026-03-12 17:30:51,On Time,N988DG,IND,PSC,F9
F95736,2026-01-28 20:04:55,Delayed,N252OW,SRQ,INT,F9
F95795,2026-03-08 03:35:44,Scheduled,N857YC,INT,SAN,F9
NK9262,2026-01-12 00:25:32,Delayed,N988DG,LNK,ABQ,NK
DL3704,2026-02-25 21:26:52,Delayed,N900OE,IND,IAD,DL
UA4617,2026-02-11 15:24:42,Scheduled,N236MD,BIS,SEA,UA
WN1155,2026-01-15 11:34:50,Scheduled,N273BV,MOB,DET,WN
WN5411,2026-03-07 01:05:11,Delayed,N461JY,GSO,MCI,WN
SY2510,2026-01-13 10:03:22,Delayed,N914RV,TPA,ONT,SY
DL3452,2026-02-10 06:48:05,On Time,N812FV,LBB,COS,DL
G42389,2026-01-21 20:40:15,Delayed,N153VA,DLH,TRI,G4
DL6412,2026-01-18 23:27:21,On Time,N216FS,BHM,ORD,DL
B65536,2026-01-01 22:36:34,Scheduled,N339OV,PBI,LNK,B6
SY8218,2026-03-17 19:08:01,Delayed,N651FA,FAY,CHA,SY
UA1486,2026-01-16 19:15:43,Delayed,N618UO,MBS,YUM,UA
DL4585,2026-01-20 13:19:08,On Time,N196UD,SGF,AVL,DL
B65056,2026-03-12 12:45:47,Scheduled,N425BW,PSP,PHL,B6
SY1399,2026-01-16 22:07:41,Scheduled,N510GT,DFW,ONT,SY
SY2712,2026-02-18 00:20:44,Delayed,N294MW,RST,CPR,SY
SY6365,2026-01-05 02:24:27,Scheduled,N789DZ,PSP,GSP,SY
WN8626,2026-03-05 12:27:58,Delayed,N538DE,DHN,IND,WN
WN4416,2026-03-01 20:16:29,On Time,N906XV,TRI,AZO,WN
F91909,2026-02-27 17:26:16,On Time,N939KF,HOU,LEX,F9
WN3175,2026-02-14 09:23:17,Scheduled,N227MC,CLE,TPA,WN
AS8807,2026-03-13 17:38:41,Delayed,N614EX,HTS,DTW,AS
G43537,2026-02-22 05:33:07,On Time,N885LE,ACK,PNS,G4
AS3647,2026-01-11 15:57:30,On Time,N906WR,PIT,CID,AS
B62145,2026-03-20 00:01:56,Scheduled,N773YM,SBN,JAN,B6
DL7865,2026-03-05 08:15:45,Scheduled,N867MC,SHV,MIA,DL
UA8933,2026-02-04 14:52:37,Delayed,N812FV,MPV,FYV,UA
SY3482,2026-01-21 19:18:20,On Time,N690AJ,BUF,ALM,SY
DL8211,2026-02-06 06:37:53,Scheduled,N623UX,FSD,CYS,DL
WN7314,2026-03-04 23:11:06,On Time,N314LY,ASE,FYV,WN
F92616,2026-02-19 13:08:02,Delayed,N170RJ,MKE,BNA,F9
G49547,2026-01-25 18:24:41,Delayed,N376IP,RAP,LGA,G4
DL8326,2026-02-08 09:26:39,Scheduled,N401RU,DEN,SAN,DL
SY2910,2026-01-09 05:46:46,Scheduled,N940RW,JNU,RDU,SY
WN6149,2026-01-09 09:18:54,On Time,N470PH,BIS,MSP,WN
F91812,2026-01-03 01:18:29,On Time,N310IT,DEN,FAY,F9
F94103,2026-02-22 05:49:39,Scheduled,N976ZF,AZO,SFO,F9
B62220,2026-02-08 15:20:50,Scheduled,N294AU,OKC,PNS,B6
NK1621,2026-03-06 13:08:51,Delayed,N216FS,BDL,ELP,NK
NK6450,2026-01-25 17:02:19,On Time,N153VA,AVP,IND,NK
WN2827,2026-03-02 05:36:27,On Time,N235WM,CMH,AUG,WN
SY1452,2026-01-02 06:21:51,Delayed,N674MB,LGA,DTW,SY
G48714,2026-01-02 11:27:37,On Time,N506UF,RUT,PHL,G4
AA9801,2026-02-09 08:57:23,Delayed,N294AU,PHX,MGM,AA
DL4281,2026-03-14 20:22:30,Delayed,N106KC,ERI,ALB,DL
B67460,2026-02-03 17:04:27,Scheduled,N506UF,RAP,OKC,B6
AA9464,2026-03-12 20:11:06,On Time,N344LE,LGB,DLH,AA
G44023,2026-01-09 03:43:38,Scheduled,N788JE,BNA,ANC,G4
UA9465,2026-02-15 22:31:32,Scheduled,N430OH,RKS,PSP,UA
DL5026,2026-01-22 03:00:50,Scheduled,N618UO,SMF,ORH,DL
SY1530,2026-01-18 08:04:49,Scheduled,N538YJ,AMA,BTR,SY
DL5973,2026-01-25 18:00:46,On Time,N812FV,ICT,CKB,DL
UA2834,2026-03-01 17:11:07,Scheduled,N623DV,TTN,MOB,UA
B62915,2026-03-15 00:32:29,Scheduled,N651QV,MCO,PSP,B6
F93032,2026-01-12 22:04:56,Delayed,N170RJ,ACY,BOS,F9
B64098,2026-01-07 06:52:53,On Time,N495TK,SBN,PBI,B6
B66908,2026-02-10 18:26:57,On Time,N294MW,TRI,CLE,B6
G46152,2026-01-06 06:15:59,Delayed,N904OK,PFN,AZO,G4
NK7897,2026-03-06 14:55:04,On Time,N495TK,RNO,SYR,NK
AS8403,2026-01-14 10:21:36,Scheduled,N584ME,SLC,LBB,AS
AS2256,2026-02-19 14:25:52,On Time,N314LY,GRB,RIC,AS
UA8905,2026-01-05 20:53:56,On Time,N185TF,CPR,LAN,UA
UA5274,2026-03-12 04:41:03,Delayed,N209KA,HSV,PHX,UA
WN5278,2026-03-12 13:46:55,Scheduled,N425BW,BOI,JAX,WN
AA5745,2026-03-14 07:51:14,On Time,N565KL,GRB,BUF,AA
DL6215,2026-02-06 05:26:40,On Time,N294AU,CVG,SGF,DL
AA6356,2026-02-09 18:04:50,Delayed,N127RV,PFN,SRQ,AA
UA5038,2026-01-27 05:54:53,On Time,N401RU,CVG,CRW,UA
WN2341,2026-01-26 17:00:51,On Time,N559LT,DET,CYS,WN
DL2230,2026-02-07 01:48:56,On Time,N170RJ,FLG,RNO,DL
AA6228,2026-01-17 01:20:19,Delayed,N555SN,AUS,CRP,AA
AA8768,2026-01-19 07:38:07,Scheduled,N409KE,SAV,GRR,AA
UA4574,2026-03-05 05:03:53,Scheduled,N954WU,SEA,SWF,UA
G47167,2026-01-27 09:29:07,Delayed,N906XV,FAI,CLE,G4
AA5055,2026-01-23 03:35:32,On Time,N997SX,GPT,BGR,AA
B66002,2026-01-17 22:27:34,On Time,N667SB,GRB,BHM,B6
UA3976,2026-01-05 00:03:56,Delayed,N684FG,DAB,GEG,UA
NK5912,2026-03-05 03:03:57,On Time,N157LJ,ISP,GJT,NK
AA8867,2026-01-25 03:06:17,Delayed,N867MC,CAE,ORH,AA
UA2644,2026-02-26 05:12:13,On Time,N976ZF,PFN,SNA,UA
G43102,2026-02-23 13:26:37,Scheduled,N681KI,BTR,DET,G4
AS6630,2026-02-02 02:58:34,Scheduled,N430OH,GEG,ALB,AS
NK3308,2026-02-05 20:54:34,On Time,N833FF,MEM,IAH,NK
B62506,2026-02-20 13:31:14,Scheduled,N739UW,CAE,CVG,B6
UA1599,2026-03-09 04:17:22,Scheduled,N467YL,MKE,DEN,UA
F96796,2026-02-08 03:13:14,On Time,N534NV,LGB,LEX,F9
SY1573,2026-02-09 05:11:11,Delayed,N252OW,OGG,ACY,SY
WN6080,2026-02-04 15:44:15,Delayed,N144YC,LBB,ABE,WN
UA2567,2026-02-20 06:24:54,Delayed,N344LE,PBI,SGF,UA
UA4433,2026-02-18 23:04:14,Delayed,N997SX,RAP,MBS,UA
